datetime,temperature_c,humidity_percent
2026-05-25 04:29:57,23,63
2026-05-25 04:30:28,23,62
2026-05-25 04:33:32,23,62
2026-05-25 04:34:02,23,61
2026-05-25 04:34:33,23,62
2026-05-25 04:35:04,23,62
2026-05-25 04:35:34,23,62
2026-05-25 04:36:05,23,62
2026-05-25 04:36:36,23,62
2026-05-25 04:37:06,23,62
2026-05-25 04:37:37,23,62
2026-05-25 04:38:08,23,62
2026-05-25 04:38:38,23,61
2026-05-25 04:39:09,23,62
2026-05-25 04:39:40,23,61
2026-05-25 04:40:10,23,61
2026-05-25 04:40:41,23,61
2026-05-25 04:41:12,23,62
2026-05-25 04:41:43,23,61
2026-05-25 04:42:13,23,61
2026-05-25 04:42:44,23,62
2026-05-25 04:43:15,23,62
2026-05-25 04:43:45,23,62
2026-05-25 04:44:16,23,62
2026-05-25 04:44:47,23,61
2026-05-25 04:45:17,23,61
2026-05-25 04:45:48,23,61
2026-05-25 04:46:19,23,61
2026-05-25 04:46:49,23,61
2026-05-25 04:47:20,23,61
2026-05-25 04:47:51,23,61
2026-05-25 04:48:21,23,61
2026-05-25 04:48:52,23,61
2026-05-25 04:49:23,23,61
2026-05-25 04:49:53,23,61
2026-05-25 04:50:24,23,61
2026-05-25 04:50:55,23,61
2026-05-25 04:51:25,23,62
2026-05-25 04:51:56,23,61
2026-05-25 04:52:27,23,61
2026-05-25 04:52:57,23,62
2026-05-25 04:53:28,23,61
2026-05-25 04:53:59,23,61
2026-05-25 04:54:29,23,61
2026-05-25 04:55:00,23,62
2026-05-25 04:55:31,23,62
2026-05-25 04:56:01,23,62
2026-05-25 04:56:32,23,62
2026-05-25 04:57:03,23,62
2026-05-25 04:57:33,23,62
2026-05-25 04:58:04,23,62
2026-05-25 04:58:35,23,62
2026-05-25 04:59:05,23,62
2026-05-25 04:59:36,23,62
2026-05-25 05:00:07,23,62
2026-05-25 05:00:37,23,62
2026-05-25 05:01:08,23,62
2026-05-25 05:01:39,23,62
2026-05-25 05:02:09,23,62
2026-05-25 05:02:40,23,62
2026-05-25 05:03:11,23,62
2026-05-25 05:03:41,23,62
2026-05-25 05:04:12,23,62
2026-05-25 05:04:43,23,62
2026-05-25 05:05:13,23,62
2026-05-25 05:05:44,23,62
2026-05-25 05:06:15,23,62
2026-05-25 05:06:45,23,62
2026-05-25 05:07:16,23,62
2026-05-25 05:07:47,23,62
2026-05-25 05:08:17,23,62
2026-05-25 05:08:48,23,62
2026-05-25 05:09:19,23,62
2026-05-25 05:09:49,23,62
2026-05-25 05:10:20,23,62
2026-05-25 05:10:51,23,62
2026-05-25 05:11:21,23,62
2026-05-25 05:11:52,23,62
2026-05-25 05:12:23,23,62
2026-05-25 05:12:54,23,62
2026-05-25 05:13:24,23,62
2026-05-25 05:13:55,23,62
2026-05-25 05:14:26,23,62
2026-05-25 05:14:56,23,62
2026-05-25 05:15:27,23,62
2026-05-25 05:15:58,23,62
2026-05-25 05:16:28,23,62
2026-05-25 05:16:59,23,62
2026-05-25 05:17:30,23,62
2026-05-25 05:18:00,23,62
2026-05-25 05:18:31,23,61
2026-05-25 05:19:02,23,62
2026-05-25 05:19:32,23,61
2026-05-25 05:20:03,23,61
2026-05-25 05:20:34,23,61
2026-05-25 05:21:04,23,61
2026-05-25 05:21:35,23,61
2026-05-25 05:22:06,23,61
2026-05-25 05:22:36,23,61
2026-05-25 05:23:07,23,61
2026-05-25 05:23:38,23,62
2026-05-25 05:24:08,23,61
2026-05-25 05:24:39,23,62
2026-05-25 05:25:10,23,61
2026-05-25 05:25:40,23,62
2026-05-25 05:26:11,23,62
2026-05-25 05:26:42,23,62
2026-05-25 05:27:12,23,61
2026-05-25 05:27:43,23,61
2026-05-25 05:28:14,23,61
2026-05-25 05:28:44,23,61
2026-05-25 05:29:15,23,61
2026-05-25 05:29:46,23,61
2026-05-25 05:30:16,23,61
2026-05-25 05:30:47,23,61
2026-05-25 05:31:18,23,61
2026-05-25 05:31:48,23,61
2026-05-25 05:32:19,23,61
2026-05-25 05:32:50,23,61
2026-05-25 05:33:20,23,61
2026-05-25 05:33:51,23,61
2026-05-25 05:34:22,23,61
2026-05-25 05:34:52,23,61
2026-05-25 05:35:23,23,61
2026-05-25 05:35:54,23,61
2026-05-25 05:36:24,23,61
2026-05-25 05:36:55,23,61
2026-05-25 05:37:26,23,61
2026-05-25 05:37:56,23,61
2026-05-25 05:38:27,23,61
2026-05-25 05:38:58,23,61
2026-05-25 05:39:28,23,61
2026-05-25 05:39:59,23,61
2026-05-25 05:40:30,23,61
2026-05-25 05:41:00,23,61
2026-05-25 05:41:31,23,61
2026-05-25 05:42:02,23,61
2026-05-25 05:42:32,23,61
2026-05-25 05:43:03,23,61
2026-05-25 05:43:34,23,61
2026-05-25 05:44:04,23,61
2026-05-25 05:44:35,23,61
2026-05-25 05:45:06,23,61
2026-05-25 05:45:36,23,61
2026-05-25 05:46:07,23,61
2026-05-25 05:46:38,23,61
2026-05-25 05:47:09,23,61
2026-05-25 05:47:39,23,61
2026-05-25 05:48:10,23,61
2026-05-25 05:48:41,23,61
2026-05-25 05:49:11,23,60
2026-05-25 05:49:42,23,60
2026-05-25 05:50:13,23,60
2026-05-25 05:50:43,23,60
2026-05-25 05:51:14,23,61
2026-05-25 05:51:45,23,60
2026-05-25 05:52:15,23,60
2026-05-25 05:52:46,23,60
2026-05-25 05:53:17,23,60
2026-05-25 05:53:47,23,60
2026-05-25 05:54:18,23,60
2026-05-25 05:54:49,23,60
2026-05-25 05:55:19,23,60
2026-05-25 05:55:50,23,60
2026-05-25 05:56:21,23,60
2026-05-25 05:56:51,23,60
2026-05-25 05:57:22,23,60
2026-05-25 05:57:53,23,60
2026-05-25 05:58:23,23,60
2026-05-25 05:58:54,23,60
2026-05-25 05:59:25,23,60
2026-05-25 05:59:55,23,60
2026-05-25 06:00:26,23,60
2026-05-25 06:00:57,23,60
2026-05-25 06:01:27,23,60
2026-05-25 06:01:58,23,60
2026-05-25 06:02:29,23,60
2026-05-25 06:02:59,23,60
2026-05-25 06:03:30,23,60
2026-05-25 06:04:01,23,60
2026-05-25 06:04:31,23,60
2026-05-25 06:05:02,23,60
2026-05-25 06:05:33,23,60
2026-05-25 06:06:03,23,60
2026-05-25 06:06:34,23,60
2026-05-25 06:07:05,23,60
2026-05-25 06:07:35,23,60
2026-05-25 06:08:06,23,60
2026-05-25 06:08:37,23,60
2026-05-25 06:09:07,23,60
2026-05-25 06:09:38,23,60
2026-05-25 06:10:09,23,60
2026-05-25 06:10:39,23,60
2026-05-25 06:11:10,23,60
2026-05-25 06:11:41,23,60
2026-05-25 06:12:11,23,60
2026-05-25 06:12:42,23,60
2026-05-25 06:13:13,23,60
2026-05-25 06:13:43,23,60
2026-05-25 06:14:14,23,60
2026-05-25 06:14:45,23,60
2026-05-25 06:15:15,23,60
2026-05-25 06:15:46,23,60
2026-05-25 06:16:17,23,60
2026-05-25 06:16:47,23,60
2026-05-25 06:17:18,23,60
2026-05-25 06:17:49,23,60
2026-05-25 06:18:20,23,60
2026-05-25 06:18:50,23,60
2026-05-25 06:19:21,23,60
2026-05-25 06:19:52,23,60
2026-05-25 06:20:22,23,60
2026-05-25 06:20:53,23,60
2026-05-25 06:21:24,23,59
2026-05-25 06:21:54,23,60
2026-05-25 06:22:25,23,60
2026-05-25 06:22:56,23,60
2026-05-25 06:23:26,23,60
2026-05-25 06:23:57,23,60
2026-05-25 06:24:28,23,60
2026-05-25 06:24:58,23,60
2026-05-25 06:25:29,23,60
2026-05-25 06:26:00,23,60
2026-05-25 06:26:30,23,60
2026-05-25 06:27:01,23,60
2026-05-25 06:27:32,23,59
2026-05-25 06:28:02,23,59
2026-05-25 06:28:33,23,59
2026-05-25 06:29:04,23,59
2026-05-25 06:29:34,23,59
2026-05-25 06:30:05,23,59
2026-05-25 06:30:36,23,59
2026-05-25 06:31:06,23,59
2026-05-25 06:31:37,23,59
2026-05-25 06:32:08,23,59
2026-05-25 06:32:38,23,59
2026-05-25 06:33:09,23,59
2026-05-25 06:33:40,23,59
2026-05-25 06:34:10,23,59
2026-05-25 06:34:41,23,59
2026-05-25 06:35:12,23,59
2026-05-25 06:35:42,23,59
2026-05-25 06:36:13,23,59
2026-05-25 06:36:44,23,59
2026-05-25 06:37:14,23,59
2026-05-25 06:37:45,23,59
2026-05-25 06:38:16,23,59
2026-05-25 06:38:46,23,59
2026-05-25 06:39:17,23,59
2026-05-25 06:39:48,23,59
2026-05-25 06:40:18,23,59
2026-05-25 06:40:49,23,59
2026-05-25 06:41:20,23,59
2026-05-25 06:41:50,23,59
2026-05-25 06:42:21,23,59
2026-05-25 06:42:52,23,59
2026-05-25 06:43:22,23,59
2026-05-25 06:43:53,23,59
2026-05-25 06:44:24,23,59
2026-05-25 06:44:54,23,59
2026-05-25 06:45:25,23,59
2026-05-25 06:45:56,23,59
2026-05-25 06:46:26,23,59
2026-05-25 06:46:57,23,59
2026-05-25 06:47:28,23,59
2026-05-25 06:47:58,23,59
2026-05-25 06:48:29,23,59
2026-05-25 06:49:00,23,59
2026-05-25 06:49:30,23,59
2026-05-25 06:50:01,23,59
2026-05-25 06:50:32,23,59
2026-05-25 06:51:03,23,59
2026-05-25 06:51:33,23,59
2026-05-25 06:52:04,23,59
2026-05-25 06:52:35,23,59
2026-05-25 06:53:05,23,59
2026-05-25 06:53:36,23,59
2026-05-25 06:54:07,23,59
2026-05-25 06:54:37,23,59
2026-05-25 06:55:08,23,59
2026-05-25 06:55:39,23,59
2026-05-25 06:56:09,23,59
2026-05-25 06:56:40,23,58
2026-05-25 06:57:11,24,59
2026-05-25 06:57:41,23,59
2026-05-25 06:58:12,23,59
2026-05-25 06:58:43,23,58
2026-05-25 06:59:13,24,58
2026-05-25 06:59:44,23,59
2026-05-25 07:00:15,23,58
2026-05-25 07:00:45,23,58
2026-05-25 07:01:16,23,58
2026-05-25 07:01:47,23,58
2026-05-25 07:02:17,23,58
2026-05-25 07:02:48,23,58
2026-05-25 07:03:19,23,58
2026-05-25 07:03:49,23,58
2026-05-25 07:04:20,23,58
2026-05-25 07:04:51,24,58
2026-05-25 07:05:21,24,58
2026-05-25 07:05:52,24,58
2026-05-25 07:06:23,23,58
2026-05-25 07:06:53,24,58
2026-05-25 07:07:24,23,58
2026-05-25 07:07:55,24,58
2026-05-25 07:08:25,24,58
2026-05-25 07:08:56,24,58
2026-05-25 07:09:27,24,58
2026-05-25 07:09:57,24,58
2026-05-25 07:10:28,24,58
2026-05-25 07:10:59,24,58
2026-05-25 07:11:29,24,58
2026-05-25 07:12:00,24,58
2026-05-25 07:12:31,24,58
2026-05-25 07:13:01,24,58
2026-05-25 07:13:32,24,58
2026-05-25 07:14:03,24,58
2026-05-25 07:14:33,24,58
2026-05-25 07:15:04,24,58
2026-05-25 07:15:35,24,58
2026-05-25 07:16:05,24,58
2026-05-25 07:16:36,24,58
2026-05-25 07:17:07,24,58
2026-05-25 07:17:37,24,58
2026-05-25 07:18:08,24,58
2026-05-25 07:18:39,24,58
2026-05-25 07:19:09,24,58
2026-05-25 07:19:40,24,58
2026-05-25 07:20:11,24,58
2026-05-25 07:20:41,24,58
2026-05-25 07:21:12,24,58
2026-05-25 07:21:43,24,58
2026-05-25 07:22:14,24,58
2026-05-25 07:22:44,24,58
2026-05-25 07:23:15,24,58
2026-05-25 07:23:46,24,58
2026-05-25 07:24:16,24,58
2026-05-25 07:24:47,24,58
2026-05-25 07:25:18,24,58
2026-05-25 07:25:48,24,58
2026-05-25 07:26:19,24,58
2026-05-25 07:26:50,24,58
2026-05-25 07:27:20,24,58
2026-05-25 07:27:51,24,58
2026-05-25 07:28:22,24,58
2026-05-25 07:28:52,24,58
2026-05-25 07:29:23,24,58
2026-05-25 07:29:54,24,58
2026-05-25 07:30:24,24,58
2026-05-25 07:30:55,24,58
2026-05-25 07:31:26,24,58
2026-05-25 07:31:56,24,58
2026-05-25 07:32:27,24,58
2026-05-25 07:32:58,24,58
2026-05-25 07:33:28,24,58
2026-05-25 07:33:59,24,58
2026-05-25 07:34:30,24,58
2026-05-25 07:35:00,24,58
2026-05-25 07:35:31,24,58
2026-05-25 07:36:02,24,58
2026-05-25 07:36:32,24,58
2026-05-25 07:37:03,24,58
2026-05-25 07:37:34,24,58
2026-05-25 07:38:04,24,58
2026-05-25 07:38:35,24,58
2026-05-25 07:39:06,24,58
2026-05-25 07:39:36,24,58
2026-05-25 07:40:07,24,58
2026-05-25 07:40:38,24,58
2026-05-25 07:41:08,24,58
2026-05-25 07:41:39,24,58
2026-05-25 07:42:10,24,58
2026-05-25 07:42:40,24,58
2026-05-25 07:43:11,24,58
2026-05-25 07:43:42,24,58
2026-05-25 07:44:12,24,58
2026-05-25 07:44:43,24,58
2026-05-25 07:45:14,24,58
2026-05-25 07:45:44,24,58
2026-05-25 07:46:15,24,58
2026-05-25 07:46:46,24,58
2026-05-25 07:47:16,24,58
2026-05-25 07:47:47,24,58
2026-05-25 07:48:18,24,58
2026-05-25 07:48:48,24,58
2026-05-25 07:49:19,24,58
2026-05-25 07:49:50,24,58
2026-05-25 07:50:20,24,58
2026-05-25 07:50:51,24,58
2026-05-25 07:51:22,24,58
2026-05-25 07:51:52,24,58
2026-05-25 07:52:23,24,59
2026-05-25 07:52:54,24,59
2026-05-25 07:53:24,24,59
2026-05-25 07:53:55,24,59
2026-05-25 07:54:26,24,59
2026-05-25 07:54:56,24,60
2026-05-25 07:55:27,24,59
2026-05-25 07:55:58,24,59
2026-05-25 07:56:29,24,59
2026-05-25 07:56:59,24,60
2026-05-25 07:57:30,24,59
2026-05-25 07:58:01,24,59
2026-05-25 07:58:31,24,59
2026-05-25 07:59:02,24,59
2026-05-25 07:59:33,24,59
2026-05-25 08:00:03,24,59
2026-05-25 08:00:34,24,59
2026-05-25 08:01:05,24,59
2026-05-25 08:01:35,24,59
2026-05-25 08:02:06,24,59
2026-05-25 08:02:37,24,59
2026-05-25 08:03:07,24,59
2026-05-25 08:03:38,24,59
2026-05-25 08:04:09,24,59
2026-05-25 08:04:39,24,59
2026-05-25 08:05:10,24,59
2026-05-25 08:05:41,24,59
2026-05-25 08:06:11,24,59
2026-05-25 08:06:42,24,59
2026-05-25 08:07:13,24,59
2026-05-25 08:07:43,24,59
2026-05-25 08:08:14,24,59
2026-05-25 08:08:45,24,59
2026-05-25 08:09:15,24,59
2026-05-25 08:09:46,24,58
2026-05-25 08:10:17,24,58
2026-05-25 08:10:47,24,59
2026-05-25 08:11:18,24,58
2026-05-25 08:11:49,24,58
2026-05-25 08:12:19,24,59
2026-05-25 08:12:50,24,59
2026-05-25 08:13:21,24,59
2026-05-25 08:13:51,24,58
2026-05-25 08:14:22,24,58
2026-05-25 08:14:53,24,58
2026-05-25 08:15:23,24,58
2026-05-25 08:15:54,24,58
2026-05-25 08:16:25,24,58
2026-05-25 08:16:55,24,58
2026-05-25 08:17:26,24,58
2026-05-25 08:17:57,24,57
2026-05-25 08:18:27,24,58
2026-05-25 08:18:58,24,57
2026-05-25 08:19:29,24,57
2026-05-25 08:19:59,24,58
2026-05-25 08:20:30,24,57
2026-05-25 08:21:01,24,57
2026-05-25 08:21:31,24,58
2026-05-25 08:22:02,24,58
2026-05-25 08:22:33,24,58
2026-05-25 08:23:03,24,58
2026-05-25 08:23:34,24,58
2026-05-25 08:24:05,24,58
2026-05-25 08:24:35,24,58
2026-05-25 08:25:06,24,58
2026-05-25 08:25:37,24,58
2026-05-25 08:26:07,24,58
2026-05-25 08:26:38,24,58
2026-05-25 08:27:09,24,58
2026-05-25 08:27:39,24,58
2026-05-25 08:28:10,24,58
2026-05-25 08:28:41,24,58
2026-05-25 08:29:12,24,58
2026-05-25 08:29:42,24,58
2026-05-25 08:30:13,24,58
2026-05-25 08:30:44,24,58
2026-05-25 08:31:14,24,58
2026-05-25 08:31:45,24,58
2026-05-25 08:32:16,24,58
2026-05-25 08:32:46,24,58
2026-05-25 08:33:17,24,57
2026-05-25 08:33:48,24,58
2026-05-25 08:34:18,24,57
2026-05-25 08:34:49,24,57
2026-05-25 08:35:20,24,57
2026-05-25 08:35:50,24,57
2026-05-25 08:36:21,24,58
2026-05-25 08:36:52,24,57
2026-05-25 08:37:22,24,57
2026-05-25 08:37:53,24,57
2026-05-25 08:38:24,24,57
2026-05-25 08:38:54,24,57
2026-05-25 08:39:25,24,57
2026-05-25 08:39:56,24,57
2026-05-25 08:40:26,24,57
2026-05-25 08:40:57,24,57
2026-05-25 08:41:28,24,57
2026-05-25 08:41:58,24,57
2026-05-25 08:42:29,24,57
2026-05-25 08:43:00,24,57
2026-05-25 08:43:30,24,57
2026-05-25 08:44:01,24,57
2026-05-25 08:44:32,24,57
2026-05-25 08:45:02,24,57
2026-05-25 08:45:33,24,57
2026-05-25 08:46:04,24,57
2026-05-25 08:46:34,24,57
2026-05-25 08:47:05,24,57
2026-05-25 08:47:36,24,57
2026-05-25 08:48:06,24,57
2026-05-25 08:48:37,24,57
2026-05-25 08:49:08,24,57
2026-05-25 08:49:38,24,57
2026-05-25 08:50:09,24,57
2026-05-25 08:50:40,24,57
2026-05-25 08:51:10,24,57
2026-05-25 08:51:41,24,57
2026-05-25 08:52:12,24,57
2026-05-25 08:52:42,24,57
2026-05-25 08:53:13,24,57
2026-05-25 08:53:44,24,57
2026-05-25 08:54:14,24,57
2026-05-25 08:54:45,24,57
2026-05-25 08:55:16,24,57
2026-05-25 08:55:46,24,57
2026-05-25 08:56:17,24,57
2026-05-25 08:56:48,24,57
2026-05-25 08:57:18,24,57
2026-05-25 08:57:49,24,57
2026-05-25 08:58:20,24,57
2026-05-25 08:58:50,24,57
2026-05-25 08:59:21,24,57
2026-05-25 08:59:52,24,57
2026-05-25 09:00:22,24,57
2026-05-25 09:00:53,24,57
2026-05-25 09:01:24,24,57
2026-05-25 09:01:55,24,57
2026-05-25 09:02:25,24,57
2026-05-25 09:02:56,24,57
2026-05-25 09:03:27,24,57
2026-05-25 09:03:57,24,57
2026-05-25 09:04:28,24,57
2026-05-25 09:04:59,24,57
2026-05-25 09:05:29,24,57
2026-05-25 09:06:00,24,57
2026-05-25 09:06:31,24,57
2026-05-25 09:07:01,24,57
2026-05-25 09:07:32,24,57
2026-05-25 09:08:03,24,57
2026-05-25 09:08:33,24,57
2026-05-25 09:09:04,24,57
2026-05-25 09:09:35,24,57
2026-05-25 09:10:05,24,57
2026-05-25 09:10:36,24,57
2026-05-25 09:11:07,24,57
2026-05-25 09:11:37,24,57
2026-05-25 09:12:08,24,57
2026-05-25 09:12:39,24,56
2026-05-25 09:13:09,24,56
2026-05-25 09:13:40,24,56
2026-05-25 09:14:11,24,56
2026-05-25 09:14:41,24,56
2026-05-25 09:15:12,24,56
2026-05-25 09:15:43,24,56
2026-05-25 09:16:13,24,55
2026-05-25 09:16:44,24,55
2026-05-25 09:17:15,24,55
2026-05-25 09:17:45,24,55
2026-05-25 09:18:16,24,55
2026-05-25 09:18:47,24,55
2026-05-25 09:19:17,24,55
2026-05-25 09:19:48,24,55
2026-05-25 09:20:19,24,55
2026-05-25 09:20:49,24,55
2026-05-25 09:21:20,24,55
2026-05-25 09:21:51,24,55
2026-05-25 09:22:21,24,55
2026-05-25 09:22:52,24,55
2026-05-25 09:23:23,24,55
2026-05-25 09:23:53,24,55
2026-05-25 09:24:24,24,55
2026-05-25 09:24:55,24,55
2026-05-25 09:25:25,24,55
2026-05-25 09:25:56,24,55
2026-05-25 09:26:27,24,55
2026-05-25 09:26:57,24,55
2026-05-25 09:27:28,24,55
2026-05-25 09:27:59,24,55
2026-05-25 09:28:29,24,55
2026-05-25 09:29:00,24,55
2026-05-25 09:29:31,24,55
2026-05-25 09:30:01,24,55
2026-05-25 09:30:32,24,55
2026-05-25 09:31:03,24,55
2026-05-25 09:31:33,24,55
2026-05-25 09:32:04,24,55
2026-05-25 09:32:35,24,55
2026-05-25 09:33:05,24,55
2026-05-25 09:33:36,24,55
2026-05-25 09:34:07,24,55
2026-05-25 09:34:38,24,55
2026-05-25 09:35:08,24,55
2026-05-25 09:35:39,24,55
2026-05-25 09:36:10,24,55
2026-05-25 09:36:40,24,55
2026-05-25 09:37:11,24,55
2026-05-25 09:37:42,24,55
2026-05-25 09:38:12,24,55
2026-05-25 09:38:43,24,55
2026-05-25 09:39:14,24,55
2026-05-25 09:39:44,24,55
2026-05-25 09:40:15,24,55
2026-05-25 09:40:46,24,55
2026-05-25 09:41:16,24,55
2026-05-25 09:41:47,24,55
2026-05-25 09:42:18,24,55
2026-05-25 09:42:48,24,55
2026-05-25 09:43:19,24,55
2026-05-25 09:43:50,24,55
2026-05-25 09:44:20,24,55
2026-05-25 09:44:51,24,55
2026-05-25 09:45:22,24,55
2026-05-25 09:45:52,24,55
2026-05-25 09:46:23,24,55
2026-05-25 09:46:54,24,55
2026-05-25 09:47:24,24,55
2026-05-25 09:47:55,24,55
2026-05-25 09:48:26,24,55
2026-05-25 09:48:56,24,55
2026-05-25 09:49:27,24,55
2026-05-25 09:49:58,24,55
2026-05-25 09:50:28,24,55
2026-05-25 09:50:59,24,55
2026-05-25 09:51:30,24,55
2026-05-25 09:52:00,24,55
2026-05-25 09:52:31,24,55
2026-05-25 09:53:02,24,55
2026-05-25 09:53:32,24,55
2026-05-25 09:54:03,24,55
2026-05-25 09:54:34,24,55
2026-05-25 09:55:04,24,55
2026-05-25 09:55:35,24,55
2026-05-25 09:56:06,24,55
2026-05-25 09:56:36,24,55
2026-05-25 09:57:07,24,55
2026-05-25 09:57:38,24,55
2026-05-25 09:58:08,24,55
2026-05-25 09:58:39,24,55
2026-05-25 09:59:10,24,55
2026-05-25 09:59:40,24,55
2026-05-25 10:00:11,24,55
2026-05-25 10:00:42,24,55
2026-05-25 10:01:12,24,55
2026-05-25 10:01:43,24,55
2026-05-25 10:02:14,24,55
2026-05-25 10:02:44,24,55
2026-05-25 10:03:15,24,55
2026-05-25 10:03:46,24,55
2026-05-25 10:04:16,24,55
2026-05-25 10:04:47,24,55
2026-05-25 10:05:18,24,55
2026-05-25 10:05:49,24,55
2026-05-25 10:06:19,24,55
2026-05-25 10:06:50,24,55
2026-05-25 10:07:21,24,55
2026-05-25 10:07:51,24,55
2026-05-25 10:08:22,24,55
2026-05-25 10:08:53,24,55
2026-05-25 10:09:23,24,55
2026-05-25 10:09:54,24,55
2026-05-25 10:10:25,24,55
2026-05-25 10:10:55,24,55
2026-05-25 10:11:26,24,55
2026-05-25 10:11:57,24,55
2026-05-25 10:12:27,24,55
2026-05-25 10:12:58,24,55
2026-05-25 10:13:29,24,55
2026-05-25 10:13:59,24,55
2026-05-25 10:14:30,24,55
2026-05-25 10:15:01,24,55
2026-05-25 10:15:31,24,55
2026-05-25 10:16:02,24,55
2026-05-25 10:16:33,24,55
2026-05-25 10:17:03,25,54
2026-05-25 10:17:34,24,55
2026-05-25 10:18:05,24,55
2026-05-25 10:18:35,24,55
2026-05-25 10:19:06,24,55
2026-05-25 10:19:37,24,54
2026-05-25 10:20:07,24,54
2026-05-25 10:20:38,24,55
2026-05-25 10:21:09,24,54
2026-05-25 10:21:39,24,55
2026-05-25 10:22:10,24,55
2026-05-25 10:22:41,24,55
2026-05-25 10:23:11,25,54
2026-05-25 10:23:42,24,54
2026-05-25 10:24:13,25,55
2026-05-25 10:24:43,25,55
2026-05-25 10:25:14,25,54
2026-05-25 10:25:45,24,54
2026-05-25 10:26:15,25,54
2026-05-25 10:26:46,25,54
2026-05-25 10:27:17,25,54
2026-05-25 10:27:47,24,54
2026-05-25 10:28:18,25,54
2026-05-25 10:28:49,25,54
2026-05-25 10:29:19,25,54
2026-05-25 10:29:50,25,54
2026-05-25 10:30:21,25,54
2026-05-25 10:30:51,24,54
2026-05-25 10:31:22,25,54
2026-05-25 10:31:53,25,54
2026-05-25 10:32:23,24,54
2026-05-25 10:32:54,25,54
2026-05-25 10:33:25,24,54
2026-05-25 10:33:55,25,54
2026-05-25 10:34:26,25,54
2026-05-25 10:34:57,25,54
2026-05-25 10:35:27,25,54
2026-05-25 10:35:58,25,54
2026-05-25 10:36:29,25,54
2026-05-25 10:36:59,25,54
2026-05-25 10:37:30,25,54
2026-05-25 10:38:01,25,54
2026-05-25 10:38:32,25,54
2026-05-25 10:39:02,25,54
2026-05-25 10:39:33,25,54
2026-05-25 10:40:04,25,54
2026-05-25 10:40:34,25,54
2026-05-25 10:41:05,25,54
2026-05-25 10:41:36,25,54
2026-05-25 10:42:06,25,54
2026-05-25 10:42:37,25,54
2026-05-25 10:43:08,25,54
2026-05-25 10:43:38,25,54
2026-05-25 10:44:09,25,54
2026-05-25 10:44:40,25,54
2026-05-25 10:45:10,25,54
2026-05-25 10:45:41,25,54
2026-05-25 10:46:12,25,54
2026-05-25 10:46:42,25,54
2026-05-25 10:47:13,25,54
2026-05-25 10:47:44,25,54
2026-05-25 10:48:14,25,54
2026-05-25 10:48:45,25,54
2026-05-25 10:49:16,25,54
2026-05-25 10:49:46,25,54
2026-05-25 10:50:17,25,54
2026-05-25 10:50:48,25,54
2026-05-25 10:51:18,25,54
2026-05-25 10:51:49,25,54
2026-05-25 10:52:20,25,54
2026-05-25 10:52:50,25,54
2026-05-25 10:53:21,25,54
2026-05-25 10:53:52,25,54
2026-05-25 10:54:22,25,54
2026-05-25 10:54:53,25,54
2026-05-25 10:55:24,25,54
2026-05-25 10:55:54,25,54
2026-05-25 10:56:25,25,54
2026-05-25 10:56:56,25,54
2026-05-25 10:57:26,25,54
2026-05-25 10:57:57,25,54
2026-05-25 10:58:28,25,54
2026-05-25 10:58:58,25,54
2026-05-25 10:59:29,25,54
2026-05-25 11:00:00,25,54
2026-05-25 11:00:30,25,54
2026-05-25 11:01:01,25,54
2026-05-25 11:01:32,25,54
2026-05-25 11:02:02,25,54
2026-05-25 11:02:33,25,54
2026-05-25 11:03:04,25,54
2026-05-25 11:03:34,25,54
2026-05-25 11:04:05,25,54
2026-05-25 11:04:36,25,54
2026-05-25 11:05:06,25,54
2026-05-25 11:05:37,25,54
2026-05-25 11:06:08,25,54
2026-05-25 11:06:38,25,54
2026-05-25 11:07:09,25,54
2026-05-25 11:07:40,25,54
2026-05-25 11:08:10,25,54
2026-05-25 11:08:41,25,54
2026-05-25 11:09:12,25,54
2026-05-25 11:09:42,25,54
2026-05-25 11:10:13,25,54
2026-05-25 11:10:44,25,54
2026-05-25 11:11:15,25,54
2026-05-25 11:11:45,25,54
2026-05-25 11:12:16,25,54
2026-05-25 11:12:47,25,54
2026-05-25 11:13:17,25,54
2026-05-25 11:13:48,25,54
2026-05-25 11:14:19,25,54
2026-05-25 11:14:49,25,54
2026-05-25 11:15:20,25,54
2026-05-25 11:15:51,25,54
2026-05-25 11:16:21,25,54
2026-05-25 11:16:52,25,54
2026-05-25 11:17:23,25,54
2026-05-25 11:17:53,25,54
2026-05-25 11:18:24,25,54
2026-05-25 11:18:55,25,54
2026-05-25 11:19:25,25,54
2026-05-25 11:19:56,25,54
2026-05-25 11:20:27,25,54
2026-05-25 11:20:57,25,54
2026-05-25 11:21:28,25,54
2026-05-25 11:21:59,25,54
2026-05-25 11:22:29,25,54
2026-05-25 11:23:00,25,54
2026-05-25 11:23:31,25,54
2026-05-25 11:24:01,25,54
2026-05-25 11:24:32,25,54
2026-05-25 11:25:03,25,54
2026-05-25 11:25:33,25,54
2026-05-25 11:26:04,25,54
2026-05-25 11:26:35,25,54
2026-05-25 11:27:05,25,54
2026-05-25 11:27:36,25,54
2026-05-25 11:28:07,25,54
2026-05-25 11:28:37,25,54
2026-05-25 11:29:08,25,54
2026-05-25 11:29:39,25,54
2026-05-25 11:30:09,25,54
2026-05-25 11:30:40,25,54
2026-05-25 11:31:11,25,54
2026-05-25 11:31:41,25,54
2026-05-25 11:32:12,25,54
2026-05-25 11:32:43,25,54
2026-05-25 11:33:13,25,54
2026-05-25 11:33:44,25,54
2026-05-25 11:34:15,25,54
2026-05-25 11:34:45,25,54
2026-05-25 11:35:16,25,54
2026-05-25 11:35:47,25,54
2026-05-25 11:36:17,25,54
2026-05-25 11:36:48,25,54
2026-05-25 11:37:19,25,54
2026-05-25 11:37:49,25,54
2026-05-25 11:38:20,25,54
2026-05-25 11:38:51,25,54
2026-05-25 11:39:21,25,54
2026-05-25 11:39:52,25,54
2026-05-25 11:40:23,25,54
2026-05-25 11:40:53,25,54
2026-05-25 11:41:24,25,54
2026-05-25 11:41:55,25,54
2026-05-25 11:42:25,25,54
2026-05-25 11:42:56,25,54
2026-05-25 11:43:27,25,54
2026-05-25 11:43:58,25,54
2026-05-25 11:44:28,25,54
2026-05-25 11:44:59,25,54
2026-05-25 11:45:30,25,54
2026-05-25 11:46:00,25,54
2026-05-25 11:46:31,25,54
2026-05-25 11:47:02,25,54
2026-05-25 11:47:32,25,54
2026-05-25 11:48:03,25,54
2026-05-25 11:48:34,25,54
2026-05-25 11:49:04,25,54
2026-05-25 11:49:35,25,54
2026-05-25 11:50:06,25,54
2026-05-25 11:50:36,25,54
2026-05-25 11:51:07,25,54
2026-05-25 11:51:38,25,54
2026-05-25 11:52:08,25,54
2026-05-25 11:52:39,25,54
2026-05-25 11:53:10,25,54
2026-05-25 11:53:40,25,54
2026-05-25 11:54:11,25,54
2026-05-25 11:54:42,25,54
2026-05-25 11:55:12,25,54
2026-05-25 11:55:43,25,54
2026-05-25 11:56:14,25,54
2026-05-25 11:56:44,25,54
2026-05-25 11:57:15,25,54
2026-05-25 11:57:46,25,54
2026-05-25 11:58:16,25,54
2026-05-25 11:58:47,25,54
2026-05-25 11:59:18,25,54
2026-05-25 11:59:48,25,54
2026-05-25 12:00:19,25,54
2026-05-25 12:00:50,25,54
2026-05-25 12:01:20,25,54
2026-05-25 12:01:51,25,54
2026-05-25 12:02:22,25,54
2026-05-25 12:02:52,25,54
2026-05-25 12:03:23,25,54
2026-05-25 12:03:54,25,54
2026-05-25 12:04:24,25,54
2026-05-25 12:04:55,25,54
2026-05-25 12:05:26,25,54
2026-05-25 12:05:56,25,54
2026-05-25 12:06:27,25,54
2026-05-25 12:06:58,25,54
2026-05-25 12:07:28,25,54
2026-05-25 12:07:59,25,54
2026-05-25 12:08:30,25,54
2026-05-25 12:09:00,25,54
2026-05-25 12:09:31,25,54
2026-05-25 12:10:02,25,54
2026-05-25 12:10:32,25,54
2026-05-25 12:11:03,25,54
2026-05-25 12:11:34,25,54
2026-05-25 12:12:04,25,54
2026-05-25 12:12:35,25,54
2026-05-25 12:13:06,25,54
2026-05-25 12:13:36,25,54
2026-05-25 12:14:07,25,54
2026-05-25 12:14:38,25,54
2026-05-25 12:15:08,25,54
2026-05-25 12:15:39,25,54
2026-05-25 12:16:10,25,54
2026-05-25 12:16:41,25,54
2026-05-25 12:17:11,25,54
2026-05-25 12:17:42,25,54
2026-05-25 12:18:13,25,54
2026-05-25 12:18:43,25,54
2026-05-25 12:19:14,25,54
2026-05-25 12:19:45,25,54
2026-05-25 12:20:15,25,53
2026-05-25 12:20:46,25,53
2026-05-25 12:21:17,25,53
2026-05-25 12:21:47,25,53
2026-05-25 12:22:18,25,53
2026-05-25 12:22:49,25,53
2026-05-25 12:23:19,25,53
2026-05-25 12:23:50,25,53
2026-05-25 12:24:21,25,53
2026-05-25 12:24:51,25,53
2026-05-25 12:25:22,25,53
2026-05-25 12:25:53,25,53
2026-05-25 12:26:23,25,53
2026-05-25 12:26:54,25,53
2026-05-25 12:27:25,25,53
2026-05-25 12:27:55,25,53
2026-05-25 12:28:26,25,53
2026-05-25 12:28:57,25,53
2026-05-25 12:29:27,25,53
2026-05-25 12:29:58,25,53
2026-05-25 12:30:29,25,53
2026-05-25 12:30:59,25,53
2026-05-25 12:31:30,25,53
2026-05-25 12:32:01,25,53
2026-05-25 12:32:31,25,53
2026-05-25 12:33:02,25,53
2026-05-25 12:33:33,25,53
2026-05-25 12:34:03,25,53
2026-05-25 12:34:34,25,53
2026-05-25 12:35:05,25,53
2026-05-25 12:35:35,25,53
2026-05-25 12:36:06,25,53
2026-05-25 12:36:37,25,53
2026-05-25 12:37:07,25,53
2026-05-25 12:37:38,25,53
2026-05-25 12:38:09,25,53
2026-05-25 12:38:39,25,53
2026-05-25 12:39:10,25,53
2026-05-25 12:39:41,25,53
2026-05-25 12:40:11,25,53
2026-05-25 12:40:42,25,53
2026-05-25 12:41:13,25,53
2026-05-25 12:41:43,25,53
2026-05-25 12:42:14,25,53
2026-05-25 12:42:45,25,53
2026-05-25 12:43:15,25,53
2026-05-25 12:43:46,25,53
2026-05-25 12:44:17,25,53
2026-05-25 12:44:47,25,53
2026-05-25 12:45:18,25,53
2026-05-25 12:45:49,25,53
2026-05-25 12:46:19,25,53
2026-05-25 12:46:50,25,53
2026-05-25 12:47:21,25,53
2026-05-25 12:47:51,25,52
2026-05-25 12:48:22,25,53
2026-05-25 12:48:53,25,52
2026-05-25 12:49:24,25,53
2026-05-25 12:49:54,25,52
2026-05-25 12:50:25,25,52
2026-05-25 12:50:56,25,53
2026-05-25 12:51:26,25,52
2026-05-25 12:51:57,25,53
2026-05-25 12:52:28,25,52
2026-05-25 12:52:58,25,52
2026-05-25 12:53:29,25,52
2026-05-25 12:54:00,25,53
2026-05-25 12:54:30,25,53
2026-05-25 12:55:01,25,53
2026-05-25 12:55:32,25,52
2026-05-25 12:56:02,25,53
2026-05-25 12:56:33,25,52
2026-05-25 12:57:04,25,53
2026-05-25 12:57:34,25,52
2026-05-25 12:58:05,25,52
2026-05-25 12:58:36,25,53
2026-05-25 12:59:06,25,53
2026-05-25 12:59:37,25,52
2026-05-25 13:00:08,25,52
2026-05-25 13:00:38,25,52
2026-05-25 13:01:09,25,52
2026-05-25 13:01:40,25,53
2026-05-25 13:02:10,25,53
2026-05-25 13:25:57,25,54
2026-05-25 13:26:28,25,54
2026-05-25 13:26:58,25,54
2026-05-25 13:27:29,25,54
2026-05-25 13:28:00,25,54
2026-05-25 13:28:30,25,54
2026-05-25 13:29:01,25,54
2026-05-25 13:29:32,25,54
2026-05-25 13:30:02,25,54
2026-05-25 13:30:33,25,54
2026-05-25 13:31:04,25,54
